observation_date,FEDFUNDS,PCEPILFE,PCEPI,UNRATE,GDPC1,GDPPOT,NROU,core,headline,gap,ugap,ff,ff_lag,core_chg
1960-01-01,3.9333333333333336,15.842333333333334,15.434666666666667,5.133333333333334,3517.181,3482.533367449192,5.4564523696899405,2.0878384034720705,1.6812974986103328,0.9948973604863243,0.32311903635660677,3.9333333333333336,3.99,
1960-04-01,3.6966666666666668,15.902333333333333,15.515,5.233333333333333,3498.246,3518.1103071631687,5.463051,1.9323148075183816,1.7949366592619969,-0.5646300266004545,0.2297176666666667,3.6966666666666668,3.9333333333333336,
1960-07-01,2.936666666666667,15.964666666666666,15.573333333333332,5.533333333333334,3515.385,3553.620242787998,5.469829559326172,1.6568625673668835,1.5683127523544598,-1.0759518512310162,-0.06350377400716223,2.936666666666667,3.6966666666666668,-0.43097583610518697
1960-10-01,2.296666666666667,16.017,15.642333333333333,6.266666666666666,3470.278,3588.4017983686967,5.47677,1.41260679839245,1.4661476955288457,-3.2918219588006115,-0.7898966666666656,2.296666666666667,2.936666666666667,-0.5197080091259316
1961-01-01,2.0033333333333334,16.04433333333333,15.671333333333331,6.8,3493.703,3623.226237928527,5.483875,1.2670041955706395,1.5217079246253005,-3.5748040399094183,-1.3161249999999995,2.0033333333333334,2.296666666666667,-0.38985837179624405
1961-04-01,1.7333333333333334,16.096999999999998,15.669333333333332,7.0,3553.021,3656.71758635011,5.491165,1.2167070240602156,0.9898213423013481,-2.835783292020999,-1.5088350000000004,1.7333333333333334,2.0033333333333334,-0.19589977433223438
1961-07-01,1.6833333333333333,16.166999999999998,15.725666666666667,6.766666666666667,3621.252,3691.178554448068,5.498675346374512,1.2594180676852735,0.9734147172498387,-1.8944235131568732,-1.2679913202921549,1.6833333333333333,1.7333333333333334,-0.007586127885365945
1961-10-01,2.4,16.20566666666667,15.743,6.2,3692.289,3725.696720885487,5.506455421447754,1.1710317127120935,0.6414907932237877,-0.8966838523975951,-0.6935445785522463,2.4,1.6833333333333333,-0.04567531134812208
1962-01-01,2.4566666666666666,16.265666666666664,15.811,5.633333333333333,3758.147,3761.4271931147614,5.514559,1.3700823000694358,0.8872759300791467,-0.08720607754327814,-0.11877433333333265,2.4566666666666666,2.4,0.11066423238416223
1962-04-01,2.606666666666667,16.328333333333333,15.866999999999999,5.533333333333334,3792.149,3798.7576717348793,5.523042,1.4268920904403566,1.253596942859543,-0.1739692895930678,-0.010291333333333874,2.606666666666667,2.4566666666666666,0.2558603777282631
1962-07-01,2.8466666666666662,16.382,15.909333333333334,5.566666666666666,3838.776,3837.88919933192,5.5319504737854,1.3211043473941153,1.1611742079922727,0.023106468738975927,-0.03471619288126604,2.8466666666666662,2.606666666666667,-0.04897795267532046
1962-10-01,2.9233333333333333,16.412666666666667,15.958333333333334,5.533333333333334,3851.421,3878.403538720957,5.541324,1.269241912571467,1.3585336800208383,-0.6957125129340103,0.007990666666666257,2.9233333333333333,2.8466666666666662,-0.15765017786888968
1963-01-01,2.966666666666667,16.467,16.004,5.766666666666667,3893.482,3919.734297545736,5.551188,1.2301831344396708,1.2132790666980513,-0.6697468642753002,-0.21547866666666682,2.966666666666667,2.9233333333333333,-0.09092121295444455
1963-04-01,2.9633333333333334,16.529333333333334,16.029,5.733333333333333,3937.183,3961.875661976665,5.561552,1.2234740179294779,1.0158100891791468,-0.6232568632490887,-0.17178133333333356,2.9633333333333334,2.966666666666667,-0.04576789464198905
1963-07-01,3.33,16.593,16.106666666666666,5.5,4023.755,4004.6173115885376,5.572411,1.279774858724025,1.2327325854166766,0.47789056787228557,0.07241099999999978,3.33,2.9633333333333334,0.04959172428435421
1963-10-01,3.453333333333333,16.673000000000002,16.166333333333334,5.566666666666666,4050.147,4048.0588293243577,5.583747386932373,1.5737250139327634,1.2949731673361002,0.051584494289347305,0.017080720265706617,3.453333333333333,3.33,0.3502509960032856
1964-01-01,3.4633333333333334,16.743666666666666,16.24266666666667,5.466666666666666,4135.553,4091.4798025217415,5.59552764892578,1.6661699081074048,1.4802833871085324,1.0771945507611846,0.12886098225911446,3.4633333333333334,3.453333333333333,0.3863950493833799
1964-04-01,3.49,16.793333333333333,16.278000000000002,5.2,4180.592,4135.866758950208,5.607706,1.584540194856372,1.541492126110587,1.081399466097488,0.4077060000000001,3.49,3.4633333333333334,0.010815180923608558
1964-07-01,3.456666666666667,16.84,16.331333333333333,5.0,4245.918,4180.802022452538,5.620222568511962,1.4776089133529937,1.3852288006987052,1.5574996662784724,0.620222568511962,3.456666666666667,3.49,-0.18856099475441113
1964-10-01,3.5766666666666667,16.883,16.38533333333333,4.966666666666666,4259.046,4225.922039152623,5.633007,1.2516553916734494,1.3455735248179537,0.7838280152943522,0.6663403333333342,3.5766666666666667,3.456666666666667,-0.3328848031829226
1965-01-01,3.9766666666666666,16.94666666666667,16.438666666666666,4.8999999999999995,4362.111,4272.250107271203,5.645977,1.2051080336207822,1.1994758472122657,2.103362173854406,0.7459770000000008,3.9766666666666666,3.5766666666666667,-0.2725008797322115
1965-04-01,4.079999999999999,16.999333333333336,16.521666666666665,4.666666666666667,4417.225,4317.646712290367,5.659044,1.2192145344632235,1.485814791190111,2.306309300994447,0.9923773333333328,4.079999999999999,3.9766666666666666,-0.03244085721022594
1965-07-01,4.076666666666667,17.052000000000003,16.583333333333332,4.366666666666667,4515.427,4364.56020480614,5.672116,1.2510490088783421,1.5312621971055211,3.4566322404655736,1.3054493333333328,4.076666666666667,4.079999999999999,0.04594097525755991
1965-10-01,4.166666666666667,17.108666666666668,16.633666666666667,4.1000000000000005,4619.458,4411.716106638424,5.685105,1.3277959234442738,1.50421282144829,4.7088681216132855,1.5851049999999995,4.166666666666667,4.076666666666667,0.1085813889810503
1966-01-01,4.56,17.194333333333333,16.762666666666664,3.8666666666666667,4731.888,4459.595106458209,5.69793,1.4508714518922066,1.9517908048905377,6.105776130830076,1.8312633333333337,4.56,4.166666666666667,0.19982244301386443
1966-04-01,4.913333333333333,17.334333333333333,16.899,3.8333333333333335,4748.046,4508.122290468056,5.710529,1.9514992955886237,2.2581797763935625,5.32203196970138,1.8771956666666667,4.913333333333333,4.56,0.6237033721443499
1966-07-01,5.41,17.477333333333334,17.028333333333332,3.766666666666667,4788.254,4557.663922700653,5.722861,2.4637304385385077,2.6480448438785267,5.059391855350115,1.956194333333333,5.41,4.913333333333333,1.0128589866463011
1966-10-01,5.5633333333333335,17.628333333333334,17.159666666666666,3.6999999999999997,4827.537,4607.37472803029,5.734915,2.992229838240729,3.1132914882999105,4.778475486925138,2.0349150000000003,5.5633333333333335,5.41,1.0407305426521052
1967-01-01,4.823333333333333,17.725333333333335,17.209333333333333,3.8333333333333335,4870.299,4658.411746113664,5.746704,3.0415005899105414,2.6297680917729607,4.548487025929071,1.9133706666666668,4.823333333333333,5.5633333333333335,0.5777701513720337
1967-04-01,3.9899999999999998,17.843999999999998,17.29133333333333,3.8333333333333335,4873.287,4710.251841362436,5.75827,2.8978196709145307,2.295096400782621,3.461283263155779,1.924936666666667,3.9899999999999998,4.823333333333333,-0.09441016732619811
1967-07-01,3.893333333333333,18.006,17.451666666666668,3.7999999999999994,4919.392,4762.7520232570605,5.769672,2.9800232397935966,2.455653169603863,3.2888543425743766,1.9696720000000005,3.893333333333333,3.9899999999999998,-0.06147735011694477
1967-10-01,4.173333333333333,18.18766666666667,17.602,3.9,4956.477,4816.313692140314,5.780984,3.12362525807956,2.545086309989687,2.9101781324671006,1.8809840000000002,4.173333333333333,3.893333333333333,0.2258055871650293
1968-01-01,4.79,18.395,17.789333333333335,3.733333333333333,5057.553,4870.102307212856,5.792286,3.708401048556646,3.3147154434273087,3.849009342360632,2.058952666666667,4.79,4.173333333333333,0.7283778087630495
1968-04-01,5.983333333333333,18.608999999999998,17.971333333333334,3.5666666666666664,5142.033,4923.72150005846,5.803658485412599,4.1978017393071845,3.8572483191407887,4.433871817058455,2.236991818745933,5.983333333333333,4.79,1.0741764812276244
1968-07-01,5.946666666666666,18.816999999999997,18.157333333333334,3.533333333333333,5181.859,4978.4108964151765,5.8151755332946795,4.40556808762221,3.9639364441240033,4.086607309399093,2.2818421999613463,5.946666666666666,5.983333333333333,0.6971670390655635
1968-10-01,5.916666666666667,19.036,18.358,3.4,5202.212,5033.703280531088,5.826905,4.5588214566161955,4.205291484527926,3.347609306266719,2.426905,5.916666666666667,5.946666666666666,0.36101971730901106
1969-01-01,6.566666666666666,19.244,18.53633333333333,3.4,5283.597,5087.76751166427,5.838901,4.512043528046964,4.1133743253303034,3.849025881917134,2.438901,6.566666666666666,5.916666666666667,0.1064754404247541
1969-04-01,8.326666666666666,19.474333333333334,18.772333333333332,3.4333333333333336,5299.625,5140.28578422004,5.85120964050293,4.545202459052981,4.360625893756249,3.099812393099022,2.417876307169596,8.326666666666666,6.566666666666666,-0.013618997563214386
1969-07-01,8.983333333333333,19.698999999999998,19.002,3.5666666666666664,5334.6,5190.883400210746,5.863864,4.580715647171118,4.546971727200185,2.7686347141494094,2.297197333333334,8.983333333333333,8.326666666666666,0.06867211912415438
1969-10-01,8.94,19.930333333333333,19.221666666666668,3.5666666666666664,5308.556,5240.14097132856,5.876888,4.591093603085837,4.597266821289311,1.3055951938272692,2.3102213333333337,8.94,8.983333333333333,0.04589114403285599
1970-01-01,8.573333333333332,20.147333333333332,19.444333333333333,4.166666666666667,5300.652,5288.142063746249,5.890298366546631,4.587261502016915,4.782291229284609,0.23656581277411437,1.723631699879964,8.573333333333332,8.94,0.006545854845796839
1970-04-01,7.886666666666667,20.375333333333334,19.659333333333333,4.766666666666667,5308.164,5334.474066371376,5.9041,4.522765966168499,4.61680496266547,-0.4932082534103044,1.137433333333333,7.886666666666667,8.573333333333332,-0.06832763691733845
1970-07-01,6.706666666666667,20.602,19.850333333333335,5.166666666666667,5357.077,5379.486205812729,5.918292,4.482028542728332,4.367656281889856,-0.4165677716305827,0.7516253333333331,6.706666666666667,7.886666666666667,-0.10523295928858278
1970-10-01,5.566666666666666,20.891333333333332,20.108333333333334,5.833333333333333,5299.672,5423.257544275761,5.932861,4.709154063414755,4.509620783319348,-2.278806478704032,0.0995276666666669,5.566666666666666,6.706666666666667,0.18638809724625638
1971-01-01,3.856666666666667,21.156000000000002,20.298666666666666,5.933333333333334,5443.619,5466.706098336824,5.947782,4.885161434635707,4.299952016037546,-0.4223219233213893,0.014448666666666554,3.856666666666667,5.566666666666666,0.4031328919073749
1971-04-01,4.566666666666666,21.397333333333332,20.53,5.900000000000001,5473.059,5510.42722794308,5.963016,4.894128476005584,4.333502668670415,-0.6781366742960926,0.0630159999999984,4.566666666666666,3.856666666666667,0.18497441259082859
1971-07-01,5.476666666666667,21.599,20.731333333333335,6.033333333333334,5518.072,5554.35488760216,5.9785056114196795,4.725885886061478,4.342544379820337,-0.6532331537393521,-0.05482772191365459,5.476666666666667,4.566666666666666,-0.15927554857422876
1971-10-01,4.75,21.722333333333335,20.86,5.933333333333334,5531.032,5598.610008464077,5.994177,3.900651724176317,3.669912672964065,-1.2070497563129168,0.060843666666666074,4.75,5.476666666666667,-0.9934767518292666
1972-01-01,3.546666666666667,21.930666666666667,21.080333333333332,5.766666666666667,5632.649,5643.401006963654,6.00994,3.596240852080198,3.7785333879235217,-0.19052353271346023,0.24327333333333367,3.546666666666667,4.75,-1.1296450339812805
1972-04-01,4.3,22.078999999999997,21.202,5.7,5760.47,5688.794205471516,6.0256905555725115,3.136062685684486,3.2208285820063813,1.2599470457121953,0.32569055557251136,4.3,3.546666666666667,-0.764589038491831
1972-07-01,4.743333333333333,22.245,21.388333333333332,5.566666666666666,5814.854,5735.01252721653,6.041317,2.947024693588869,3.1199358626655056,1.3921760833924601,0.47465033333333384,4.743333333333333,4.3,-0.649216158491329
1972-10-01,5.1466666666666665,22.384666666666664,21.56266666666667,5.366666666666667,5912.22,5782.348420969389,6.056706,3.003528349244273,3.312997465767917,2.2460005792739546,0.690039333333333,5.1466666666666665,4.743333333333333,-0.13253433644021317
1973-01-01,6.536666666666666,22.540666666666667,21.822666666666667,4.933333333333334,6058.544,5830.6639389494085,6.0717453956604,2.7435123497913017,3.4608648650663336,3.908303813024272,1.1384120623270668,6.536666666666666,5.1466666666666665,-0.20351234379756722
1973-04-01,7.816666666666666,22.84766666666667,22.242,4.933333333333334,6124.506,5880.964999959673,6.086335,3.4222066353544482,4.788687654574426,4.1411741107453715,1.1530016666666665,7.816666666666666,6.536666666666666,0.41867828611017543
1973-07-01,10.56,23.151333333333337,22.646666666666665,4.8,6092.301,5931.893431456161,6.100386619567871,3.9935110008055816,5.716707203601352,2.7041545907284137,1.3003866195678713,10.56,7.816666666666666,1.24999865101428
1973-10-01,9.996666666666666,23.473666666666663,23.110666666666663,4.766666666666667,6150.131,5983.963113314532,6.11383056640625,4.7503024811112615,6.933084718064869,2.776886881467222,1.3471638997395834,9.996666666666666,10.56,1.3280958457568133
1974-01-01,9.323333333333332,23.876666666666665,23.797666666666668,5.133333333333333,6097.258,6036.840251387802,6.126616477966309,5.758060673580157,8.663835168005697,1.0008174160034855,0.9932831446329757,9.323333333333332,9.996666666666666,1.7645496727745758
1974-04-01,11.25,24.47,24.471666666666664,5.2,6111.751,6090.335456182356,6.138715,6.859888057283022,9.553359235014074,0.35163159684257206,0.9387150000000002,11.25,9.323333333333332,2.10958557617176
1974-07-01,12.089999999999998,25.16933333333333,25.132333333333335,5.633333333333333,6053.978,6143.206219778796,6.1501145362854,8.35739479723167,10.41425236915087,-1.4524698762596544,0.5167812029520675,12.089999999999998,11.25,2.599334123651513
1974-10-01,9.346666666666666,25.784333333333336,25.771,6.6000000000000005,6030.464,6195.475445431864,6.1608195304870605,9.388784687433525,10.895555731222917,-2.663418600965195,-0.43918046951294,9.346666666666666,12.089999999999998,2.528896630150503
1975-01-01,6.303333333333334,26.288,26.256333333333334,8.266666666666666,5957.035,6246.482861537268,6.170844,9.621086933666207,9.831969312243032,-4.633773404223107,-2.095822666666666,6.303333333333334,9.346666666666666,1.2636921364345373
1975-04-01,5.419999999999999,26.688666666666666,26.578000000000003,8.866666666666667,5999.61,6296.513228943918,6.180209,8.679112842574789,8.2567820162525,-4.715359408427966,-2.6864576666666675,5.419999999999999,6.303333333333334,-0.709671844858736
1975-07-01,6.16,27.089,27.075666666666667,8.466666666666667,6102.326,6346.032060224159,6.188934,7.350141918688557,7.448021778898836,-3.840290403694413,-2.277732666666667,6.16,5.419999999999999,-2.2709450149776504
1975-10-01,5.413333333333334,27.530333333333335,27.53,8.299999999999999,6184.53,6395.3936260234,6.19703245162964,6.552135474108106,6.602649043133277,-3.297117243344938,-2.1029675483703594,5.413333333333334,6.16,-2.126977368466682
1976-01-01,4.826666666666667,27.948666666666668,27.833,7.733333333333333,6323.649,6444.359681612424,6.204509,6.125693293456206,5.831513729106731,-1.8731214205322089,-1.5288243333333336,4.826666666666667,5.413333333333334,-1.224448625232351
1976-04-01,5.196666666666666,28.284000000000002,28.06566666666667,7.566666666666666,6370.025,6493.923529668127,6.211358,5.805726786166633,5.446319658242956,-1.9079148237900356,-1.3553086666666667,5.196666666666666,4.826666666666667,-0.7464086879414733
1976-07-01,5.283333333333333,28.727,28.492333333333335,7.733333333333333,6404.895,6544.87347714477,6.217563,5.8709705647327075,5.099962969326312,-2.138749933571449,-1.5157703333333332,5.283333333333333,5.196666666666666,-0.25472272872349855
1976-10-01,4.873333333333334,29.176666666666666,28.942333333333334,7.766666666666667,6451.177,6596.49865666572,6.223099,5.808087599163201,5.002902538240992,-2.2030119951419014,-1.5435676666666662,4.873333333333334,5.283333333333333,0.0023608129965682068
1977-01-01,4.66,29.667666666666666,29.465000000000003,7.5,6527.703,6649.907668623456,6.227931,5.968829413162705,5.698075122079429,-1.8376897050775387,-1.2720690000000001,4.66,4.873333333333334,0.09785884842999781
1977-04-01,5.156666666666666,30.121,29.968666666666667,7.133333333333333,6654.466,6704.591150622368,6.232016563415527,6.292632916978132,6.560538891378655,-0.7476242696426771,-0.9013167699178055,5.156666666666666,4.66,0.4845453178149306
1977-07-01,5.82,30.622,30.41933333333333,6.8999999999999995,6774.457,6760.097061899439,6.235309,6.3881257810313095,6.54433259463815,0.21242206981753053,-0.6646909999999995,5.82,5.156666666666666,0.41929636786860414
1977-10-01,6.513333333333333,31.066999999999997,30.852333333333334,6.666666666666667,6774.592,6817.110564476192,6.237757,6.277685950337081,6.39070377463085,-0.6237036068881707,-0.42890966666666674,6.513333333333333,5.82,-0.014946966641050885
1978-01-01,6.756666666666667,31.551666666666666,31.358333333333334,6.333333333333333,6796.26,6875.56387545695,6.239311,6.156862543266225,6.22769295215145,-1.1534163145517917,-0.09402233333333321,6.756666666666667,6.513333333333333,-0.23126323776508428
1978-04-01,7.283333333333334,32.096,32.002,6.0,7058.92,6935.1874585728365,6.239927,6.350880886774901,6.56460094411509,1.7841268482831518,0.23992699999999978,7.283333333333334,6.756666666666667,0.07319493643781971
1978-07-01,8.1,32.64666666666667,32.564,6.033333333333334,7129.915,6996.456191626586,6.239574432373047,6.402405272315831,6.812901252726148,1.907520103293714,0.20624109903971277,8.1,7.283333333333334,0.24554272904960595
1978-10-01,9.583333333333334,33.23266666666667,33.17933333333333,5.8999999999999995,7225.75,7058.973644917547,6.238234519958496,6.7387165338325445,7.2714809852052795,2.3626147861103286,0.3382345199584966,9.583333333333334,8.1,0.38783564705764384
1979-01-01,10.073333333333332,33.68666666666667,33.80433333333334,5.866666666666667,7238.727,7123.3135223529,6.235909461975098,6.547569740188938,7.510895158821194,1.6202217870227686,0.3692427953084305,10.073333333333332,9.583333333333334,0.14516446787310677
1979-04-01,10.18,34.42733333333334,34.728,5.7,7246.454,7185.317079852492,6.232617,7.011941073671908,8.174787715060946,0.850859043074581,0.5326170000000001,10.18,10.073333333333332,0.27322453983936335
1979-07-01,10.946666666666667,35.062666666666665,35.589666666666666,5.866666666666667,7300.281,7243.781017529022,6.2283935546875,7.139417908207403,8.884794983975107,0.779979161908062,0.36172688802083286,10.946666666666667,10.18,0.5918481680184655
1979-10-01,13.576666666666666,35.794000000000004,36.45133333333333,5.966666666666666,7318.535,7298.013253331672,6.22329,7.424695367728358,9.405084544002184,0.2811963469504519,0.25662333333333454,13.576666666666666,10.946666666666667,0.4127542940564499
1980-01-01,15.046666666666667,36.669666666666664,37.54566666666667,6.3,7341.557,7346.736445194209,6.22320640721058,8.484778076354695,10.496897046461344,-0.07049994555878847,-0.07679359278941966,15.046666666666667,13.576666666666666,1.345360168147292
1980-04-01,12.686666666666667,37.49,38.464,7.333333333333333,7190.289,7389.862876051715,6.214445920687717,8.522340823157677,10.217646091544998,-2.7006438333040395,-1.1188874126456163,12.686666666666667,15.046666666666667,1.0976454554293191
1980-07-01,9.836666666666666,38.324666666666666,39.364000000000004,7.666666666666667,7181.743,7426.754999764931,6.2056821483064715,8.895679048897406,10.079635948525699,-3.29904513845799,-1.4609845183601955,9.836666666666666,12.686666666666667,0.4109009725427111
1980-10-01,15.853333333333333,39.25833333333333,40.33766666666667,7.3999999999999995,7315.677,7465.298162717055,6.196909429829753,9.238345432277846,10.130765159880093,-2.00422219522709,-1.2030905701702466,15.853333333333333,9.836666666666666,0.7160046091201693
1981-01-01,16.569999999999997,40.129333333333335,41.38400000000001,7.433333333333334,7459.022,7508.084206685455,6.188120345103287,9.01576795061622,9.73363628369973,-0.653458396774087,-1.2452129882300467,16.569999999999997,15.853333333333333,0.12008890171881426
1981-04-01,17.78,40.88766666666667,42.07833333333333,7.3999999999999995,7403.745,7554.009065783638,6.17930610228008,8.675423833378911,8.981022163473828,-1.989196259563264,-1.2206938977199195,17.78,16.569999999999997,-0.5629215988989351
1981-07-01,17.576666666666664,41.64066666666667,42.77166666666667,7.3999999999999995,7492.405,7602.714114407346,6.170456780353049,8.298352668805348,8.30241965669149,-1.450917563746179,-1.229543219646951,17.576666666666664,17.78,-0.7174152818108723
1981-10-01,13.586666666666666,42.38133333333334,43.42733333333334,8.233333333333334,7410.768,7654.364351740863,6.161561483332004,7.6544277808413845,7.380335399848582,-3.1824504367297446,-2.0717718500013307,13.586666666666666,17.576666666666664,-1.0209960525375266
1982-01-01,14.226666666666667,43.001666666666665,43.97866666666667,8.833333333333334,7295.631,7708.282365291767,6.152608442404458,6.913130316698555,6.081033515516563,-5.3533504059194765,-2.680724890928876,14.226666666666667,13.586666666666666,-1.3852223521067932
1982-04-01,14.513333333333334,43.583333333333336,44.401999999999994,9.433333333333334,7328.912,7763.629992676451,6.1435850852786045,6.38463451953129,5.375155292124574,-5.599416678622338,-3.289748248054729,14.513333333333334,14.226666666666667,-1.2697932613100944
1982-07-01,11.006666666666666,44.282000000000004,45.10333333333333,9.9,7300.896,7820.189965259814,6.13447808484682,6.150102007360712,5.308026400378901,-6.640426480260853,-3.7655219151531805,11.006666666666666,14.513333333333334,-0.7630283093378427
1982-10-01,9.286666666666667,44.898666666666664,45.601333333333336,10.666666666666666,7303.817,7878.160361445345,6.125273394360952,5.770008496097993,4.884791268635273,-7.290323312738134,-4.541393272305714,9.286666666666667,11.006666666666666,-0.6146260234332974
1983-01-01,8.653333333333334,45.48833333333334,45.977666666666664,10.366666666666667,7400.066,7935.937607522995,6.115956273183003,5.621700818941687,4.445110348953381,-6.752467496909342,-4.250710393483664,8.653333333333334,9.286666666666667,-0.5284011884190258
1983-04-01,8.803333333333335,45.83633333333333,46.398,10.133333333333333,7568.456,7994.859898020182,6.10651130516273,5.04022665649929,4.397184138622715,-5.33347555128233,-4.026822028170603,8.803333333333335,8.653333333333334,-0.7297818395987026
1983-07-01,9.459999999999999,46.532999999999994,47.00833333333333,9.366666666666667,7719.746,8055.370064425959,6.096922410327377,4.958346437195281,4.136873735048703,-4.166463635334871,-3.2697442563392904,9.459999999999999,8.803333333333335,-0.663354381746406
1983-10-01,9.43,46.90533333333334,47.31833333333333,8.533333333333333,7880.794,8118.4215710115395,6.087172849586956,4.372328742818502,3.696086144188933,-2.9270168952550635,-2.446160483746377,9.43,9.459999999999999,-0.6678979136807879
1984-01-01,9.686666666666667,47.379,47.82966666666667,7.866666666666667,8034.847,8184.120399041659,6.077245221451282,4.072320973426279,3.9490317195239073,-1.8239394310369472,-1.7894214452153854,9.686666666666667,9.43,-0.8860254637690019
1984-04-01,10.556666666666667,47.93366666666666,48.29333333333333,7.433333333333334,8173.67,8252.361160817512,6.067121449278656,4.474102985566204,4.003717005209475,-0.9535593423993682,-1.3662118840546773,10.556666666666667,9.686666666666667,0.10177424274770175
1984-07-01,11.39,48.38366666666667,48.66533333333333,7.433333333333334,8252.465,8322.352341108082,6.05678275733291,3.9000552892807088,3.464204444671079,-0.8397546540162115,-1.3765505760004233,11.39,10.556666666666667,-0.17226568414556986
1984-10-01,9.266666666666667,48.728,48.966,7.3,8320.199,8393.840778029926,6.04620963394339,3.8122427418609726,3.4228362414322975,-0.8773311285898533,-1.2537903660566094,9.266666666666667,11.39,-0.6618602437052314
1985-01-01,8.476666666666667,49.39266666666666,49.54333333333333,7.233333333333333,8400.82,8466.09433779299,6.035381780382186,4.162287257516326,3.520161895154123,-0.7710088641654234,-1.1979515529511477,8.476666666666667,9.266666666666667,0.2622319682356169
1985-04-01,7.923333333333333,49.821,49.945,7.3,8474.787,8538.856407644294,6.024278237998456,3.861847119514806,3.362887507706496,-0.7503277322585822,-1.2757217620015435,7.923333333333333,8.476666666666667,0.04960437765383352
1985-07-01,7.8999999999999995,50.33266666666666,50.336999999999996,7.2,8604.22,8611.892420843267,6.012878079880752,3.949201182245548,3.377345777102933,-0.0890909972899645,-1.1871219201192478,7.8999999999999995,7.923333333333333,-0.21308607527077772
1985-10-01,8.103333333333333,50.693666666666665,50.687666666666665,7.033333333333334,8668.188,8684.996064979776,6.00116223674976,3.9547171442848077,3.4556440276725455,-0.19352990898350297,-1.032171096583574,8.103333333333333,7.8999999999999995,0.09287002477000161
1986-01-01,7.826666666666667,51.24100000000001,51.046666666666674,7.033333333333334,8749.127,8757.928247157974,5.989116414842148,3.6738027710030914,2.98925395241741,-0.10049462509389429,-1.0442169184911858,7.826666666666667,8.103333333333333,-0.27539841124245656
1986-04-01,6.919999999999999,51.59233333333333,50.99333333333334,7.166666666666667,8788.524,8830.616845345654,5.976734424943743,3.493650074449681,2.077250524149737,-0.47666936617050126,-1.1899322417229241,6.919999999999999,7.826666666666667,-0.4610670698351269
1986-07-01,6.206666666666666,51.946666666666665,51.26266666666667,6.966666666666666,8872.601,8903.378142266913,5.96401752308534,3.1563248200129603,1.822234877675721,-0.34567937894049994,-1.0026491435813263,6.206666666666666,6.919999999999999,-0.517477950990131
1986-10-01,6.266666666666667,52.36966666666667,51.573,6.833333333333333,8920.193,8976.124748908698,5.9509733113858925,3.252655832688788,1.7315659735579783,-0.6231168847725677,-0.8823600219474406,6.266666666666667,6.206666666666666,-0.2409942417608928
1987-01-01,6.22,52.70133333333334,52.06133333333333,6.599999999999999,8986.367,9048.669254874287,5.93761432694183,2.810076282880221,1.9682263695523479,-0.688523948874864,-0.6623856730581688,6.22,6.266666666666667,-0.3462485371327393
1987-04-01,6.6499999999999995,53.213,52.564,6.266666666666667,9083.256,9120.473464934588,5.9239565541955255,3.0929644761369564,3.0336569555781243,-0.40806505361458134,-0.34271011247114114,6.6499999999999995,6.22,-0.15969135655183164
1987-07-01,6.843333333333334,53.689666666666675,53.062000000000005,6.0,9162.024,9191.50594011684,5.910018036177342,3.3003004708305492,3.449829922433101,-0.32075201070332904,-0.089981963822658,6.843333333333334,6.6499999999999995,0.4902241879503282
1987-10-01,6.916666666666667,54.23533333333333,53.52033333333333,5.833333333333333,9319.332,9262.55407738218,5.8958176859450795,3.500505926199582,3.706336427440715,0.6129834400261602,0.06248435261174645,6.916666666666667,6.843333333333334,0.40754145006262554
1988-01-01,6.663333333333334,54.75866666666667,53.943000000000005,5.7,9367.502,9332.89816233194,5.881374336705857,3.829489578079344,3.5505422805218947,0.37077269103529265,0.1813743367058569,6.663333333333334,6.916666666666667,0.5291891072487949
1988-04-01,7.156666666666666,55.422333333333334,54.53866666666667,5.466666666666666,9490.594,9402.936119398,5.866706042791119,4.067991388060809,3.687845544808763,0.932239456792261,0.40003937612445295,7.156666666666666,6.663333333333334,0.5674854618612275
1988-07-01,7.983333333333333,56.06066666666667,55.21033333333333,5.466666666666666,9546.206,9472.372904618282,5.8518296238788325,4.321388175196615,3.9689092654551916,0.7794572291988322,0.38516295721216665,7.983333333333333,7.156666666666666,0.49189859711727113
1988-10-01,8.47,56.687000000000005,55.769,5.333333333333333,9673.405,9541.739852701117,5.8367604319052795,4.421230498388194,4.115651545166895,1.3798861563136366,0.5034270985719465,8.47,7.983333333333333,0.35323911032738486
1989-01-01,9.443333333333333,57.30566666666667,56.40966666666667,5.2,9771.725,9610.898343572995,5.821512311844543,4.546386208634215,4.4712605099046865,1.6733779786002323,0.6215123118445431,9.443333333333333,8.47,0.2249980334375996
1989-04-01,9.726666666666667,57.827,57.169333333333334,5.233333333333333,9846.293,9679.752477782387,5.806097722352712,4.247315335648145,4.710769385077826,1.7205039343709094,0.5727643890193788,9.726666666666667,9.443333333333333,-0.17391516274004903
1989-07-01,9.083333333333334,58.25733333333333,57.50633333333334,5.233333333333333,9919.228,9748.474214363136,5.790527979192876,3.8435540969899145,4.074495283402331,1.7515949868881053,0.5571946458595427,9.083333333333334,9.726666666666667,-0.7028321116443004
1989-10-01,8.613333333333333,58.790666666666674,57.959,5.366666666666667,9938.767,9817.08349642722,5.7748135828401885,3.64382045970892,3.8517704571977,1.2395076767663715,0.4081469161735214,8.613333333333333,9.083333333333334,-0.6034948759392251
1990-01-01,8.25,59.467666666666666,58.799,5.3,10047.386,9885.457213629248,5.758964591342092,3.7033233942747943,4.1484309340585614,1.638050551141923,0.45896459134209255,8.25,8.613333333333333,-0.14023070271512017
1990-04-01,8.243333333333332,60.132000000000005,59.333,5.333333333333333,10083.855,9953.52039531658,5.742991000135081,3.9086351129906385,3.7148019550409077,1.3094322361035804,0.4096576668017482,8.243333333333332,8.25,0.2648146532817184
1990-07-01,8.16,60.739666666666665,60.086666666666666,5.7,10090.569,10020.58247629744,5.726903091933299,4.172699307445485,4.389287779482016,0.6984276998677874,0.026903091933299095,8.16,8.243333333333332,0.4693759131706905
1990-10-01,7.743333333333332,61.24966666666666,60.88133333333334,6.133333333333333,9998.704,10086.676972233356,5.710711721892166,4.097529508627063,4.9190750295533885,-0.8721700167015234,-0.4226216114411665,7.743333333333332,8.16,0.1888943956364244
1991-01-01,6.426666666666667,61.79333333333333,61.202,6.6000000000000005,9951.916,10152.177204066918,5.694428505931164,3.8362736299669504,4.00550207656287,-1.9725936618471884,-0.9055714940688366,6.426666666666667,7.743333333333332,-0.33642567747853436
1991-04-01,5.863333333333333,62.269666666666666,61.536,6.833333333333333,10029.51,10216.905817665383,5.678065883314299,3.4932270071952174,3.6456725775702874,-1.834173878175227,-1.1552674500190339,5.863333333333333,6.426666666666667,-0.6043025014318455
1991-07-01,5.6433333333333335,62.83033333333333,61.954,6.866666666666667,10080.195,10281.57022722389,5.661637028291996,3.384099999127857,3.060420973072227,-1.9586038199756906,-1.205029638374671,5.6433333333333335,5.863333333333333,-0.45217363083909357
1991-10-01,4.816666666666666,63.324666666666666,62.40333333333333,7.1000000000000005,10115.329,10347.376832231384,5.645155589773301,3.3316524790221376,2.4692078431013895,-2.2425764132661286,-1.4548444102266993,4.816666666666666,5.6433333333333335,-0.16157452817307982
1992-01-01,4.023333333333333,63.809333333333335,62.794666666666664,7.366666666666667,10236.435,10414.244254417565,5.6286352426023205,3.2103986362874952,2.5690275454869655,-1.7073658930377156,-1.7380314240643466,4.023333333333333,4.816666666666666,-0.17370136284036164
1992-04-01,3.7699999999999996,64.25966666666666,63.21233333333333,7.6000000000000005,10347.429,10482.223100445655,5.612089039046045,3.145775057662907,2.6877060386935967,-1.2859304667911964,-1.9879109609539558,3.7699999999999996,4.023333333333333,-0.1858774213592307
1992-07-01,3.2566666666666664,64.64033333333333,63.61533333333333,7.633333333333333,10449.673,10551.784861690372,5.595528554558459,2.840059924320075,2.6462357244391463,-0.9677212246915867,-2.0378047787748734,3.2566666666666664,3.7699999999999996,-0.3703387119674204
1992-10-01,3.0366666666666666,65.11399999999999,64.05933333333333,7.366666666666667,10558.648,10622.618090341755,5.578962827771389,2.786464783384019,2.6191044464604123,-0.6022064409895167,-1.7877038388952782,3.0366666666666666,3.2566666666666664,-0.35931027427888784
1993-01-01,3.0399999999999996,65.563,64.44066666666667,7.133333333333333,10576.275,10695.542384138176,5.55200824023352,2.7112042295756025,2.5874759618589622,-1.115113005536339,-1.5813250930998128,3.0399999999999996,3.0366666666666666,-0.12885569474447234
1993-04-01,3.0,66.06066666666668,64.87366666666667,7.066666666666666,10637.847,10769.570878061651,5.5325457029884095,2.764134533325715,2.594235913729352,-1.2231116685436527,-1.534120963678257,3.0,3.0399999999999996,-0.022330250058304024
1993-07-01,3.06,66.42999999999999,65.15566666666666,6.8,10688.606,10844.632547478088,5.5128995105853695,2.7310190711929265,2.3924747120100696,-1.438744436890782,-1.2871004894146303,3.06,3.0,0.019814841617324053
1993-10-01,2.99,66.77166666666666,65.53066666666666,6.633333333333333,10833.987,10921.031467364262,5.49312813937566,2.5139259011000252,2.2708489240434333,-0.7970352216673082,-1.140205193957673,2.99,3.06,-0.2502086322256898
1994-01-01,3.2133333333333334,67.07466666666666,65.76566666666666,6.566666666666666,10939.116,10998.74859058424,5.47329460823613,2.2794914299695277,2.03530151773672,-0.5421761402500835,-1.0933720584305364,3.2133333333333334,2.99,-0.45152764122339883
1994-04-01,3.94,67.526,66.13266666666668,6.2,11087.361,11076.949095369497,5.45346531882121,2.193919715147352,1.9221036556092956,0.09399614046123883,-0.7465346811787903,3.94,3.2133333333333334,-0.32000618595267305
1994-07-01,4.486666666666667,67.903,66.60766666666666,6.0,11152.176,11156.409419615584,5.433708845509488,2.1931454532979755,2.2040407480853634,-0.037946076164441234,-0.5662911544905116,4.486666666666667,3.94,-0.0863459766715522
1994-10-01,5.166666666666667,68.248,66.92,5.633333333333333,11279.932,11237.096679902585,5.414094702789551,2.1869290738175042,2.097964966151749,0.3811956176725584,-0.21923863054378145,5.166666666666667,4.486666666666667,-0.006990641329847946
1995-01-01,5.81,68.60566666666666,67.24766666666666,5.466666666666666,11319.951,11318.730971934145,5.39469211786714,2.2568709052734466,2.2284402499872535,0.010778841452108168,-0.0719745487995258,5.81,5.166666666666667,0.06372545197547108
1995-04-01,6.02,69.01299999999999,67.63833333333334,5.666666666666667,11353.721,11401.545122180349,5.37556883567923,2.178218374931756,2.2512057987795777,-0.41945299227306165,-0.2910978309874368,6.02,5.81,-0.008710698885748158
1995-07-01,5.796666666666667,69.342,67.915,5.666666666666667,11450.31,11485.08306305804,5.3567899822909295,2.097056701122973,1.9437237238232148,-0.3027671882486316,-0.30987668437573745,5.796666666666667,6.02,-0.15981420415047376
1995-10-01,5.72,69.68966666666667,68.21333333333332,5.566666666666666,11528.067,11570.743237913231,5.338417010860328,2.0903922745590435,1.9142173043799546,-0.36882883869894245,-0.22824965580633805,5.72,5.796666666666667,-0.08782610037271255
1996-01-01,5.363333333333333,69.96366666666667,68.593,5.533333333333334,11614.418,11658.23583382563,5.320506752031688,1.9600923887827753,1.9808167235424299,-0.37585304029016386,-0.21282658130164567,5.363333333333333,5.72,-0.13696431234019757
1996-04-01,5.243333333333333,70.29633333333334,69.052,5.5,11808.14,11750.806721393768,5.3031105878163,1.842474738757778,2.068496047981504,0.48790929819182427,-0.19688941218370015,5.243333333333333,5.363333333333333,-0.24791753580126552
1996-07-01,5.306666666666667,70.617,69.34633333333333,5.266666666666667,11914.063,11849.53413723492,5.28627376481136,1.822012549294054,2.0856350182826153,0.5445687739090932,0.01960709814469297,5.306666666666667,5.243333333333333,-0.13807983948872127
1996-10-01,5.28,71.01899999999999,69.81866666666667,5.333333333333333,12037.775,11954.099435992812,5.2700348590681685,1.8895394523132978,2.3261355607210836,0.6999737994084931,-0.06329847426516455,5.28,5.306666666666667,0.04706471355551978
1997-01-01,5.276666666666666,71.298,70.127,5.233333333333333,12115.472,12064.075854277851,5.25442540113615,1.8892216857478814,2.2117395226272514,0.42602638066076004,0.021092067802817027,5.276666666666666,5.28,0.06720913645382742
1997-04-01,5.523333333333333,71.67,70.30266666666667,5.0,12317.221,12178.421723773972,5.23946966586832,1.9352609970032606,1.7949886812402753,1.1397148117729516,0.2394696658683202,5.523333333333333,5.276666666666666,0.04572154468996281
1997-07-01,5.533333333333334,71.83733333333333,70.488,4.866666666666667,12471.01,12297.625499441529,5.22518462756924,1.7133395065827788,1.6329209107148375,1.4099022658182747,0.3585179609025726,5.533333333333334,5.523333333333333,-0.17588217916510263
1997-10-01,5.506666666666667,72.06466666666667,70.70966666666666,4.666666666666667,12577.495,12420.639898841882,5.21158007709276,1.4616417195378866,1.2680886744988111,1.2628584552454747,0.5449134104260933,5.506666666666667,5.533333333333334,-0.473619277465374
1998-01-01,5.52,72.277,70.71499999999999,4.633333333333333,12703.742,12547.22445560292,5.198658893645431,1.3637683069383886,0.8349830537195639,1.2474276279260232,0.5653255603120986,5.52,5.506666666666667,-0.3495711996443902
1998-04-01,5.5,72.49833333333333,70.84266666666666,4.3999999999999995,12821.339,12677.452576465224,5.1864174604119695,1.1491323084814453,0.7651724955332344,1.1349789925610976,0.78641746041197,5.5,5.52,-0.31250941105644126
1998-07-01,5.533333333333334,72.75566666666667,71.06166666666667,4.533333333333333,12982.752,12809.9729819968,5.17484620977586,1.2702491563339788,0.8105562111223028,1.348785186713708,0.6415128764425271,5.533333333333334,5.5,-0.09351915060440974
1998-10-01,4.86,72.98766666666667,71.24900000000001,4.433333333333334,13191.67,12945.270977878106,5.16393028093661,1.2726613032585297,0.759849244792613,1.9033902229081079,0.7305969476032761,4.86,5.533333333333334,0.12352899477708434
1999-01-01,4.733333333333333,73.17066666666666,71.38933333333334,4.3,13315.597,13083.465129913968,5.1536502701945,1.2288652451326687,0.9490750622246895,1.7742384588566473,0.8536502701945006,4.733333333333333,4.86,-0.04138391120131013
1999-04-01,4.746666666666667,73.42466666666667,71.79566666666666,4.266666666666667,13426.748,13222.90842921196,5.1439830521394,1.2696364203915993,1.336266567889479,1.541563808592361,0.8773163854727333,4.746666666666667,4.733333333333333,-0.0030248828669303673
1999-07-01,5.093333333333334,73.695,72.19066666666667,4.233333333333333,13604.771,13363.358248838398,5.13490264848964,1.2828158945253958,1.5762722322189064,1.806527570886507,0.9015693151563067,5.093333333333334,4.746666666666667,0.05395064939272709
1999-10-01,5.306666666666667,74.04166666666667,72.62866666666666,4.066666666666666,13827.98,13505.49631232712,5.12638112041102,1.433752070362443,1.91789176000135,2.3877959033503426,1.0597144537443537,5.306666666666667,5.093333333333334,0.1641156499708436
2000-01-01,5.676666666666667,74.42966666666666,73.219,4.033333333333333,13878.147,13648.58537128962,5.118389459825649,1.705999582423671,2.530648503347961,1.6819444833694908,1.085056126492316,5.676666666666667,5.306666666666667,0.4231836878982751
2000-04-01,6.273333333333333,74.68933333333334,73.56766666666667,3.9333333333333336,14130.908,13788.681311811208,5.11089845549919,1.7077351252460313,2.438149621408584,2.4819392112257033,1.1775651221658565,6.273333333333333,5.676666666666667,0.27398305488358843
2000-07-01,6.52,75.04966666666667,74.04166666666667,4.0,14145.312,13923.902474247976,5.10387951056623,1.8215162297430845,2.5317230808865268,1.5901398775344466,1.1038795105662302,6.52,6.273333333333333,0.11551664731941358
2000-10-01,6.473333333333334,75.42133333333334,74.46033333333332,3.9,14229.765,14053.43426698748,5.0973053895934894,1.8462172643866182,2.4906843548504263,1.254716318179483,1.1973053895934895,6.473333333333334,6.52,0.13848213914058682
2001-01-01,5.593333333333334,75.91166666666668,75.01166666666667,4.233333333333333,14183.12,14177.014871405332,5.09115087525391,1.9715775731640108,2.4188706866165717,0.04306356909438147,0.8578175419205767,5.593333333333334,6.473333333333334,0.15006134342092636
2001-04-01,4.326666666666667,76.19866666666667,75.36333333333333,4.3999999999999995,14271.694,14293.255366424008,5.0853933171443,2.0006676179720126,2.4115243805096878,-0.1508499349606396,0.6853933171443005,4.326666666666667,5.593333333333334,0.1544503535853945
2001-07-01,3.4966666666666666,76.39533333333333,75.40133333333334,4.833333333333333,14214.516,14401.428785467464,5.08001305816486,1.777149569630702,1.8196960516813385,-1.2978766777368533,0.24667972483152667,3.4966666666666666,4.326666666666667,-0.1944280035333088
2001-10-01,2.1333333333333333,76.764,75.432,5.5,14253.574,14502.3757251484,5.0749937271223695,1.764560980542878,1.2965043052310503,-1.7155928784616692,-0.4250062728776305,2.1333333333333333,3.4966666666666666,-0.23610663742913474
2002-01-01,1.7333333333333334,76.99966666666667,75.584,5.7,14372.785,14596.981913208332,5.07032238974232,1.4230709227453053,0.7600963580542062,-1.5359127971890096,-0.62967761025768,1.7333333333333334,2.1333333333333333,-0.3540786468853967
2002-04-01,1.75,77.42333333333333,76.145,5.833333333333333,14460.848,14687.090370319847,5.0659895539952,1.5944234692677113,1.0318555883539047,-1.5404165468815068,-0.767343779338133,1.75,1.7333333333333334,-0.17013751127516663
2002-07-01,1.74,77.83633333333333,76.539,5.733333333333333,14519.633,14774.58935298112,5.06198902947023,1.8686719312802438,1.4975456524669442,-1.7256408749504515,-0.6713443038631031,1.74,1.75,0.44560100853493845
2002-10-01,1.4433333333333334,78.113,76.89633333333335,5.866666666666667,14537.58,14860.705908247191,5.05831764437482,1.7420716002876622,1.9226606240490578,-2.1743644631838643,-0.8083490222918472,1.4433333333333334,1.74,0.1476481310199509
2003-01-01,1.25,78.354,77.484,5.866666666666667,14614.141,14947.163122044543,5.0549748275089,1.7435927626340508,2.482684285743297,-2.2279955020587994,-0.811691839157767,1.25,1.4433333333333334,-0.12507916864619295
2003-04-01,1.2466666666666668,78.65100000000001,77.56166666666667,6.133333333333333,14743.567,15035.055434315627,5.05196206617004,1.5732144562210892,1.8433901579817502,-1.9387253714432062,-1.0813712671632931,1.2466666666666668,1.25,-0.16885714406657293
2003-07-01,1.0166666666666666,79.01100000000001,78.07266666666666,6.133333333333333,14988.782,15124.158937215894,5.04928225430245,1.4978751685029628,1.9839602080789696,-0.8951039048047393,-1.0840510790308828,1.0166666666666666,1.2466666666666668,-0.24571759413108807
2003-10-01,0.9966666666666667,79.365,78.45666666666666,5.833333333333333,15162.76,15215.896309544176,5.0469389482292,1.5900968765327101,2.0088260981888073,-0.34921577055467834,-0.7863943851041331,0.9966666666666667,1.0166666666666666,0.016882420311620905
2004-01-01,1.0033333333333332,79.80166666666666,79.06166666666667,5.7,15248.68,15310.64980463486,5.044935549930528,1.8307369318539108,2.0156675249507936,-0.40474967049471955,-0.6550644500694718,1.0033333333333332,0.9966666666666667,0.3328617633509481
2004-04-01,1.01,80.25766666666667,79.59366666666666,5.599999999999999,15366.85,15407.299881195731,5.04327443998783,2.0221948252464843,2.586120631233159,-0.2625371188179404,-0.5567255600121683,1.01,1.0033333333333332,0.43209794871377416
2004-07-01,1.4333333333333333,80.545,79.985,5.433333333333334,15512.619,15506.39166779942,5.04195608394937,1.9228951169637827,2.4199100164580654,0.04015977626510292,-0.39137724938396357,1.4333333333333333,1.01,0.09215818510987184
2004-10-01,1.95,80.98166666666667,80.669,5.433333333333334,15670.88,15607.359583040596,5.04097813694991,2.0165326581488587,2.7807907304318773,0.40699015500627045,-0.39235519638342353,1.95,1.4333333333333333,-0.00566216709762557
2005-01-01,2.47,81.55799999999999,81.13799999999999,5.3,15844.727,15707.318610353295,5.04033457190233,2.17700337963014,2.5923270037439674,0.8748048795300667,-0.25966542809767024,2.47,1.95,0.2541082626663571
2005-04-01,2.9433333333333334,81.962,81.65066666666667,5.1000000000000005,15922.782,15805.16528365269,5.04001485646218,2.101343298626878,2.5515459118956794,0.7441663167481183,-0.05998514353782092,2.9433333333333334,2.47,0.08481064047801912
2005-07-01,3.4599999999999995,82.28133333333334,82.53166666666667,4.966666666666667,16047.587,15902.191878355608,5.04000320324226,2.132823503256979,3.1342940983807277,0.9143086862276384,0.07333653657559314,3.4599999999999995,2.9433333333333334,-0.0441798763731609
2005-10-01,3.98,82.83133333333335,83.18900000000001,4.966666666666667,16136.734,15997.875321123143,5.040277916439569,2.258362010217333,3.0760764857911904,0.8679820044197539,0.07361124977290245,3.98,3.4599999999999995,0.15701871159045533
2006-01-01,4.456666666666667,83.31099999999999,83.62133333333334,4.733333333333333,16353.835,16091.603317517096,5.04081085615472,2.1266169694553327,3.014726223070731,1.6296181139230592,0.30747752282138663,4.456666666666667,3.98,-0.006206533801646152
2006-04-01,4.906666666666667,83.97466666666666,84.355,4.633333333333333,16396.151,16183.163929732862,5.04156703927619,2.4259440834769994,3.2584099743178196,1.3161027793571645,0.40823370594285713,4.906666666666667,4.456666666666667,0.16758207325966623
2006-07-01,5.246666666666667,84.427,84.96166666666666,4.633333333333334,16420.738,16270.761436348215,5.04250439291843,2.574298617392056,2.901811629855182,0.9217550404048369,0.4091710595850966,5.246666666666667,4.906666666666667,0.44768164793672316
2006-10-01,5.246666666666667,84.79066666666667,84.82166666666666,4.433333333333334,16561.866,16354.469242438125,5.0435736731073915,2.337906213954439,1.943588575915612,1.2681350552404602,0.6102403397740579,5.246666666666667,5.246666666666667,-0.08803786952256054
2007-01-01,5.256666666666667,85.37533333333333,85.597,4.5,16611.69,16438.582056258954,5.04471855777112,2.4476628951195303,2.335156485458847,1.0530588535471175,0.5447185577711204,5.256666666666667,5.246666666666667,-0.12663572227252562
2007-04-01,5.25,85.73066666666666,86.32366666666667,4.5,16713.314,16523.062155053634,5.04587591919752,2.0695432957411657,2.306971359251168,1.151432120517537,0.5458759191975204,5.25,5.256666666666667,-0.2683629182132732
2007-07-01,5.073333333333333,86.15166666666666,86.81166666666667,4.666666666666667,16809.587,16608.026026757703,5.04697627705214,2.022205323214644,2.154084686051006,1.2136359427517451,0.3803096103854733,5.073333333333333,5.25,-0.4254575719048863
2007-10-01,4.496666666666667,86.74733333333332,87.69433333333332,4.8,16915.191,16691.712099349483,5.04794442889684,2.281420483369305,3.3306269768279733,1.3388614620259753,0.2479444288968402,4.496666666666667,5.073333333333333,0.21187718762813912
2008-01-01,3.1766666666666663,87.20666666666666,88.40766666666667,5.0,16843.003,16774.77721545801,5.04870025100836,2.122355836505692,3.2308457076947303,0.4067164866971895,0.04870025100836006,3.1766666666666663,4.496666666666667,0.10015051329104807
2008-04-01,2.0866666666666664,87.573,89.26866666666668,5.333333333333333,16943.291,16854.431509824055,5.0491596582576,2.126213224242817,3.354675146721558,0.527217367872379,-0.2841736750757331,2.0866666666666664,3.1766666666666663,-0.1552072591264877
2008-07-01,1.9400000000000002,88.02,90.22133333333333,6.0,16854.295,16929.753043277327,5.04923570796679,2.1454752494379634,3.8524889323748313,-0.44571260481139907,-0.9507642920332096,1.9400000000000002,2.0866666666666664,0.023119412932271377
2008-10-01,0.5066666666666667,87.95066666666666,88.78066666666666,6.866666666666667,16485.35,16999.9085535114,5.048839829099929,1.377637253816527,1.2311625501042143,-3.0268313026020177,-1.817826837566738,0.5066666666666667,1.9400000000000002,-0.7485759704262902
2009-01-01,0.18333333333333335,87.94966666666666,88.181,8.266666666666667,16298.262,17063.79364520768,5.04788315494425,0.8483900552198322,-0.2567172576022452,-4.486292211009458,-3.2187835117224175,0.18333333333333335,0.5066666666666667,-1.2970851942181312
2009-04-01,0.18000000000000002,88.294,88.53133333333334,9.299999999999999,16269.145,17122.682771242056,5.0462779346793685,0.8199423876351289,-0.8294010800108288,-4.984836679189042,-4.2537220653206305,0.18000000000000002,0.18333333333333335,-0.557694866181398
2009-07-01,0.15666666666666665,88.60733333333333,89.142,9.633333333333333,16326.281,17177.41046139042,5.04393899697215,0.6650561802172905,-1.2035306676905564,-4.954934641071185,-4.589394336361183,0.15666666666666665,0.18000000000000002,-0.18333387500254172
2009-10-01,0.12,89.15933333333334,89.82966666666665,9.933333333333334,16502.754,17230.326569658257,5.0407852370313915,1.364898007588803,1.1746375944938734,-4.222627857439887,-4.892548096301942,0.12,0.15666666666666665,0.5449556199536741
2010-01-01,0.13333333333333333,89.46433333333333,90.177,9.833333333333334,16582.71,17284.089459018523,5.03674109744988,1.707535446824569,2.238288533435375,-4.057948558305791,-4.796592235883454,0.13333333333333333,0.12,1.0424792666072784
2010-04-01,0.19333333333333336,89.70533333333333,90.31666666666666,9.633333333333333,16743.162,17339.540497443468,5.03173801268021,1.5858069616666532,1.9965475026456265,-3.439413504247113,-4.601595320653123,0.19333333333333336,0.13333333333333333,0.22090895407785016
2010-07-01,0.18666666666666668,89.84333333333335,90.49066666666666,9.466666666666667,16872.266,17398.249750812174,5.02571578715021,1.3852789554692875,1.50161107492031,-3.0231992202987,-4.440950879516457,0.18666666666666668,0.19333333333333336,-0.32225649135528145
2010-10-01,0.18666666666666668,90.12733333333334,91.07033333333334,9.5,16960.864,17459.66794812841,5.01862387782517,1.0798453942454194,1.371681723976001,-2.8568925228722897,-4.48137612217483,0.18666666666666668,0.18666666666666668,-0.5059615674212339
2011-01-01,0.15666666666666668,90.52300000000001,91.835,9.033333333333333,16920.632,17523.89847705864,5.01042255345427,1.1763926450848115,1.8219082940646114,-3.4425357910421783,-4.022910779879063,0.15666666666666668,0.18666666666666668,-0.20888631038447603
2011-04-01,0.09333333333333334,91.05233333333332,92.738,9.066666666666666,17035.114,17590.062292255396,5.0010839047711295,1.4904208042166356,2.645629971930147,-3.1548966856116745,-4.065582761895537,0.09333333333333334,0.15666666666666668,0.4105754099712162
2011-07-01,0.08333333333333333,91.468,93.16666666666667,9.0,17031.313,17658.131908785388,4.99059268251338,1.7921771597037672,2.9143289294570387,-3.549746439902457,-4.00940731748662,0.08333333333333333,0.09333333333333334,0.6157845146189558
2011-10-01,0.07333333333333335,91.794,93.47433333333333,8.633333333333333,17222.583,17728.78704705593,4.9789469432321685,1.8323450775685586,2.60547870448443,-2.8552661031595594,-3.6543863901011644,0.07333333333333335,0.08333333333333333,0.341924273351923
2012-01-01,0.10333333333333333,92.37333333333333,94.09400000000001,8.266666666666667,17367.01,17802.124606222213,4.96615848641526,2.0234374642697213,2.4300794022589303,-2.444172343733242,-3.3005081802514074,0.10333333333333333,0.07333333333333335,0.23126030456595403
2012-04-01,0.15333333333333335,92.75533333333333,94.32133333333333,8.2,17444.525,17877.513501192763,4.95225307037503,1.8530769290380773,1.6929079339562403,-2.4219727265979873,-3.2477469296249692,0.15333333333333335,0.10333333333333333,0.020731851469518725
2012-07-01,0.14333333333333334,93.02333333333333,94.59533333333333,8.033333333333333,17469.65,17954.159751564275,4.93727039857332,1.6861173404602878,1.5218140399551752,-2.6985932968657034,-3.0960629347600133,0.14333333333333334,0.15333333333333335,-0.33732012380943344
2012-10-01,0.16,93.43466666666666,95.12566666666667,7.8,17489.852,18032.271410975576,4.9212638724813695,1.7715503812059485,1.7511935673667842,-3.0080481743715692,-2.8787361275186303,0.16,0.14333333333333334,-0.08152654783212876
2013-01-01,0.14333333333333334,93.79966666666667,95.459,7.733333333333333,17662.4,18112.761193184895,4.90430011161269,1.5322965639633903,1.440255332792267,-2.4864303591345616,-2.8290332217206435,0.14333333333333334,0.16,-0.15382077649689752
2013-04-01,0.11666666666666665,94.06433333333332,95.50833333333333,7.533333333333334,17709.671,18194.45250151435,4.8864582459249695,1.4013743259652938,1.2506111311775674,-2.6644467673539785,-2.6468750874083646,0.11666666666666665,0.14333333333333334,-0.3701760552406548
2013-07-01,0.08333333333333333,94.43433333333333,95.90066666666667,7.233333333333333,17860.45,18277.07369505764,4.8678289902689,1.5054349851956992,1.3704789224417617,-2.2794879640404275,-2.3655043430644334,0.08333333333333333,0.11666666666666665,-0.02686157876769113
2013-10-01,0.08666666666666667,94.84133333333334,96.25433333333332,6.933333333333334,18016.147,18361.59769901994,4.8485135148732486,1.4942880038665316,1.1795169319796666,-1.8813760364566723,-2.084819818460085,0.08666666666666667,0.08333333333333333,0.09291367790123783
2014-01-01,0.07333333333333335,95.141,96.69633333333333,6.666666666666667,17953.974,18448.099375489783,4.828622129906528,1.4198699429453492,1.287864785001012,-2.6784622384801393,-1.8380445367601386,0.07333333333333335,0.08666666666666667,-0.08556504225035
2014-04-01,0.09333333333333334,95.55633333333333,97.129,6.2,18185.911,18535.90341771736,4.80827280586174,1.5737006072903643,1.6826488166303228,-1.8881864553891847,-1.3917271941382605,0.09333333333333334,0.07333333333333335,0.07941260342383272
2014-07-01,0.09000000000000001,95.91533333333332,97.39433333333334,6.066666666666666,18406.941,18626.02876593418,4.78758955479478,1.5561150288164018,1.5455096075766486,-1.1762451818762343,-1.279077111871886,0.09000000000000001,0.09333333333333334,0.13624508587105266
2014-10-01,0.09999999999999999,96.17533333333334,97.265,5.7,18500.031,18717.99587262324,4.76670070024014,1.39675946724988,1.0445218450309135,-1.1644669338881197,-0.9332992997598604,0.09999999999999999,0.09000000000000001,-0.17694114004048433
2015-01-01,0.11,96.336,96.829,5.533333333333334,18666.621,18811.82035076692,4.74573706587286,1.248207894704394,0.1371052411213068,-0.7718516765497507,-0.787596267460474,0.11,0.09999999999999999,-0.3079071341120079
2015-04-01,0.12333333333333334,96.76533333333333,97.31233333333334,5.433333333333334,18782.243,18906.9696114969,4.72483011463568,1.2572852004987365,0.18857450164399606,-0.6596858939311945,-0.7085032186976532,0.12333333333333334,0.11,-0.1394742667511435
2015-07-01,0.1366666666666667,97.07666666666667,97.56466666666667,5.1000000000000005,18857.418,19003.03419833049,4.704110071072569,1.2035186444471369,0.17473763886105603,-0.7662786732409388,-0.39588992892743136,0.1366666666666667,0.12333333333333334,-0.04468925025725712
2015-10-01,0.16,97.31866666666667,97.49033333333334,5.033333333333333,18892.206,19100.137722133142,4.6837040599828095,1.1817902778029938,0.23140155396557702,-1.088639910131084,-0.34962927335052374,0.16,0.1366666666666667,-0.07549492269574265
2016-01-01,0.36000000000000004,97.72633333333333,97.538,4.8999999999999995,19001.69,19198.252665637407,4.66373429422766,1.432897459200039,0.7295509471007253,-1.0238570616857845,-0.23626570577233963,0.36000000000000004,0.16,0.22937881475290212
2016-04-01,0.37333333333333335,98.26233333333334,98.157,4.933333333333334,19062.709,19296.5000603964,4.64431634359108,1.5351969563309436,0.8642500691033367,-1.211572355943591,-0.28901698974225365,0.37333333333333335,0.36000000000000004,0.3534066785279497
2016-07-01,0.39666666666666667,98.68866666666668,98.49566666666665,4.8999999999999995,19197.938,19394.1890093846,4.62555751503731,1.646906944810131,0.9497147963111149,-1.0119062431001358,-0.2744424849626892,0.39666666666666667,0.37333333333333335,0.21400948561009203
2016-10-01,0.45,99.02866666666667,98.94666666666666,4.766666666666667,19304.352,19491.389084717703,4.60755537255564,1.7418553194533164,1.4827756644386716,-0.9595882771862074,-0.15911129411102642,0.45,0.39666666666666667,0.20665836312237285
2017-01-01,0.7000000000000001,99.48833333333334,99.524,4.566666666666666,19398.343,19588.63066489704,4.59039642208179,1.7869329044469158,2.015677544595985,-0.9714189222937097,0.023729755415123677,0.7000000000000001,0.45,0.14002595963678477
2017-04-01,0.9500000000000001,99.82099999999998,99.72433333333333,4.366666666666667,19506.949,19685.872943332357,4.5741549837936315,1.5737809042352633,1.5841475130139882,-0.9088951444896853,0.20748831712696436,0.9500000000000001,0.7000000000000001,-0.1680744152180531
2017-07-01,1.1533333333333333,100.12266666666666,100.07666666666667,4.333333333333333,19660.766,19783.817242750043,4.55889227046308,1.4425987139751548,1.592400493749084,-0.6219792734647123,0.22555893712974662,1.1533333333333333,0.9500000000000001,-0.34433419047176095
2017-10-01,1.2033333333333334,100.568,100.67566666666666,4.166666666666667,19882.352,19882.732970228422,4.54465568658274,1.542474510344622,1.7323144250149671,-0.0019160858268030267,0.3779890199160727,1.2033333333333334,1.1533333333333333,-0.03130639389064127
2018-01-01,1.4466666666666665,101.20800000000001,101.37966666666667,4.033333333333333,20044.077,19983.30805838997,4.53147835875611,1.713742075380705,1.8473723970105271,0.3040985077769509,0.49814502542277683,1.4466666666666665,1.2033333333333334,0.2711433614055503
2018-04-01,1.7366666666666666,101.75133333333333,101.91199999999999,3.9333333333333336,20150.476,20085.821330941748,4.51937890343318,1.9153346226210177,2.1699983088916146,0.32189208493382804,0.5860455700998468,1.7366666666666666,1.4466666666666665,0.3728601122763957
2018-07-01,1.9233333333333331,102.07566666666666,102.25433333333335,3.766666666666667,20276.154,20189.23681263725,4.50836143357856,1.9318267415814612,2.152661489702168,0.43051249618482057,0.7416947669118925,1.9233333333333331,1.7366666666666666,0.21808466620075606
2018-10-01,2.22,102.55233333333332,102.642,3.8333333333333335,20304.874,20294.35408829067,4.49841580136913,1.9539121775566337,1.934307701423714,0.051836642169345026,0.6650824680357963,2.22,1.9233333333333331,0.03857755493561599
2019-01-01,2.4033333333333333,102.96366666666667,102.851,3.8666666666666667,20431.641,20401.78250699429,4.4895180696244,1.7198370077003848,1.4408793869816865,0.14635237384514888,0.6228514029577332,2.4033333333333333,2.22,-0.21198973388107634
2019-04-01,2.3966666666666665,103.39866666666667,103.42633333333333,3.6333333333333333,20602.275,20509.70778828462,4.481631200462391,1.6060138834725242,1.4749908246432553,0.45133364488136873,0.8482978671290575,2.3966666666666665,2.4033333333333333,-0.34789829408410955
2019-07-01,2.19,103.78266666666667,103.675,3.6,20843.322,20617.674979351952,4.47470594573225,1.6584600661016955,1.3797832319430385,1.094434852009396,0.8747059457322499,2.19,2.3966666666666665,-0.06137694159868934
2019-10-01,1.6433333333333333,104.14733333333334,104.08266666666667,3.6,20985.448,20722.820278145697,4.46868192017881,1.5433325894438814,1.3938249494755397,1.2673358082020858,0.8686819201788096,1.6433333333333333,2.19,-0.06268129402864275
2020-01-01,1.26,104.61666666666667,104.44466666666666,3.8333333333333335,20709.212,20825.889773887968,4.463488835113432,1.5926700906058613,1.5376086636018589,-0.5602534881091192,0.6301555017800982,1.26,1.6433333333333333,-0.06578997549583421
2020-04-01,0.06,104.42,104.01666666666665,13.0,19077.992,20925.85598035592,4.45904786766102,0.9829160897729573,0.569153865802383,-8.83052995342507,-8.54095213233898,0.06,1.26,-0.5604164996709241
2020-07-01,0.09333333333333334,105.19666666666666,104.835,8.799999999999999,20558.879,21020.539012470566,4.455273138473752,1.353264513280594,1.1126679464757052,-2.1962329900136357,-4.344726861526247,0.09333333333333334,0.06,-0.23940557732526724
2020-10-01,0.09000000000000001,105.66933333333334,105.36933333333333,6.766666666666667,20791.917,21116.617057074087,4.4520732691872,1.4508158201258365,1.228618348693786,-1.5376518700721986,-2.3145933974794666,0.09000000000000001,0.09333333333333334,0.46789973035287924
2021-01-01,0.08,106.57166666666667,106.56700000000001,6.233333333333333,21082.134,21216.864736890268,4.45285298986988,1.8514809188143577,2.0116469740089618,-0.6350171835521445,-1.780480343463453,0.08,0.09000000000000001,0.4982164055337637
2021-04-01,0.07,108.08666666666666,108.18433333333333,5.933333333333334,21440.929,21322.28909851852,4.44978976629628,3.451214647140704,3.928541962472152,0.5564125921626584,-1.4835435670370538,0.07,0.08,2.0003988270148674
2021-07-01,0.09000000000000001,109.36933333333333,109.65466666666667,5.066666666666666,21617.828,21435.3063204534,4.447010417057349,3.889891968827501,4.494834802058141,0.8515002156626039,-0.6196562496093172,0.09000000000000001,0.07,2.038411050013143
2021-10-01,0.08,110.79199999999999,111.48433333333332,4.166666666666667,21988.737,21554.021083750165,4.44441769129896,4.733984805662293,5.64124341268398,2.0168668971822346,0.27775102463229295,0.08,0.09000000000000001,1.282770158521589
2022-01-01,0.12,112.45266666666667,113.58166666666666,3.8666666666666667,21932.71,21678.7235669542,4.441916779223741,5.371470708393905,6.374821296133771,1.1715931164552718,0.5752501125570739,0.12,0.08,1.481578739566404
2022-04-01,0.77,113.79533333333335,115.65833333333335,3.6333333333333333,21967.045,21808.97535370521,4.44046672936978,5.146813878188191,6.680388023713024,0.7247917141046889,0.8071333960364471,0.77,0.12,0.4128290725258985
2022-07-01,2.19,115.23066666666666,116.98599999999999,3.533333333333333,22125.625,21944.708620985697,4.4389317490436095,5.220538272776634,6.471823590071063,0.8244191442181803,0.9055984157102763,2.19,0.77,-0.1509324356172712
2022-10-01,3.653333333333333,116.565,118.17566666666666,3.5666666666666664,22278.345,22084.80256835857,4.43723236707892,5.079448778889877,5.828814520774838,0.8763602529040737,0.8705657004122536,3.653333333333333,2.19,-0.06736509929831414
2023-01-01,4.516666666666667,117.91633333333334,119.30833333333334,3.533333333333333,22439.607,22229.48219394711,4.43529644125222,4.744294106270463,4.918907029171296,0.9452528143462757,0.9019631079188866,4.516666666666667,3.653333333333333,-0.47624416650617096
2023-04-01,4.989999999999999,119.069,120.19,3.533333333333333,22580.499,22377.8679500468,4.43350999614073,4.530164377102462,3.843338139090345,0.9054975675320209,0.9001766628073966,4.989999999999999,4.516666666666667,-0.549284401787415
2023-07-01,5.260000000000001,119.76766666666667,120.99866666666667,3.6333333333333333,22840.989,22527.57093135215,4.4313678808796295,3.8617838445536115,3.372525673378785,1.3912643737885588,0.7980345475462962,5.260000000000001,4.989999999999999,-0.8825102617168512
2023-10-01,5.33,120.40233333333333,121.54566666666666,3.8000000000000003,23033.78,22678.156520144265,4.42882424008579,3.2389855202579887,2.8117831488256715,1.5681322224751604,0.6288242400857897,5.33,5.260000000000001,-1.2911788568444735
2024-01-01,5.33,121.58766666666668,122.622,3.8333333333333335,23082.119,22828.94541097934,4.42567965718569,3.0660205519344013,2.739527417617241,1.1090025599644893,0.5923463238523561,5.33,5.33,-0.7957632926192102
2024-04-01,5.33,122.45466666666668,123.40933333333334,3.9666666666666663,23286.508,22979.033391074583,4.42215707526542,2.8037736458780347,2.643291943842762,1.3380658955169489,0.45549040859875367,5.33,5.33,-0.435211874379954
2024-07-01,5.263333333333333,123.16833333333334,123.92966666666666,4.166666666666667,23478.57,23126.8961060226,4.418184956226237,2.7998228443210684,2.393467413046725,1.5206272919858765,0.25151828955957,5.263333333333333,5.33,-0.26619770761333283
2024-10-01,4.6499999999999995,123.99666666666667,124.70333333333333,4.133333333333333,23586.542,23271.54168652911,4.413737266101202,2.9415770991391788,2.564753364661719,1.3535859278855922,0.2804039327678689,4.6499999999999995,5.263333333333333,0.13780345326114407
2025-01-01,4.33,124.99966666666667,125.75966666666666,4.133333333333334,23548.21,23414.6564204,4.40904868088454,2.7675531682516206,2.5266225371614994,0.5703845369417593,0.2757153475512064,4.33,4.6499999999999995,-0.03226967606944786
2025-04-01,4.33,125.80433333333333,126.42433333333334,4.2,23770.976,23548.5176618,4.40690622022857,2.698689641849974,2.413723033037728,0.9446808559031572,0.20690622022856964,4.33,4.33,-0.2428874572892048
2025-07-01,4.293333333333333,126.69933333333334,127.29266666666666,4.333333333333333,24026.834,23680.1524766,4.40419970826884,2.8264842111710524,2.6774696817956594,1.4640172766732684,0.07086637493550718,4.293333333333333,4.33,0.05893104291943185
2025-10-01,3.8966666666666665,127.53266666666666,128.19966666666664,4.45,24055.749,23811.2238968,4.40184121264107,2.811785740956129,2.7651361229820033,1.0269321067232662,-0.04815878735892998,3.8966666666666665,4.293333333333333,0.11309609910615492
2026-01-01,3.64,128.91966666666667,129.655,4.333333333333333,24180.419,23945.1378387,4.399090564203688,3.0878400729025235,3.050439848327898,0.9825842844794153,0.06575723087035534,3.64,3.8966666666666665,0.2613558617314711
2026-04-01,3.6333333333333333,130.05533333333332,131.32533333333333,4.266666666666667,24269.613,24070.9386484,4.39593247642493,3.3232211037778505,3.803373133542288,0.8253701881011155,0.1292658097582633,3.6333333333333333,3.64,0.5114353628217216
